--ВСТАВКА INSERT
INSERT INTO dict.Subjects (Name, ShortName)
VALUES
('Математика', 'Мат'),
('Алгебра', 'Алг'),
('Геометрия', 'Геом'),
('Русский язык', 'Рус'),
('Литература', 'Лит'),
('Информатика', 'Инф'),
('История', 'Ист'),
('Обществознание', 'Общ'),
('География', 'Геог'),
('Биология', 'Био'),
('Физика', 'Физ'),
('Химия', 'Хим'),
('Английский язык', 'Англ'),
('Физическая культура', 'Физ-ра'),
('Технология', 'Техн'),
('ИЗО', NULL),
('Музыка', NULL)


INSERT INTO dict.Benefits (benefit_name, description, valid_until)
VALUES
('Многодетная семья', 'Статус предоставляется детям из семей с тремя и более детьми', '2025-12-31'),
('Малообеспеченная семья', 'Подтверждено соц. защитой', '2024-12-31'),
('Опекун', 'Ребенок находится под опекой', NULL),
('Инвалидность', 'Предоставляется детям с инвалидностью', '2025-06-30'),
('Социальная поддержка', 'Общие социальные льготы', NULL)


INSERT INTO edu.Classes (number, letter, teacher_id)
VALUES
(1,'А',1),
(1,'Б',2),
(2,'А',3),
(2,'Б',4),
(3,'А',5),
(3,'Б',6),
(4,'А',7),
(4,'Б',8),
(5,'А',9),
(5,'Б',10),
(6,'А',11),
(6,'Б',12),
(7,'А',13),
(7,'Б',14),
(8,'А',15),
(8,'Б',16),
(9,'А',17),
(9,'Б',18),
(10,'А',19),
(11,'А',20)


INSERT INTO edu.Teachers
    (surname, first_name, last_name, birth_date, sex, passport_number, experience, address, phone_number, email)
VALUES
('Иванов','Иван','Иванович','1980-05-12','М','1234567890',15,'Москва','89990000001','ivanov1@school.ru'),
('Петров','Мария','Петровна','1975-03-22','Ж','1234567891',20,'Москва','89990000002','petrova2@school.ru'),
('Сидоров','Алексей','Алексеевич','1988-11-01','М','1234567892',10,'Москва','89990000003','sidorov3@school.ru'),
('Кузнецова','Ольга','Владимировна','1982-07-18','Ж','1234567893',12,'Санкт-Петербург','89990000004','kuznetsova4@school.ru'),
('Морозов','Дмитрий','Игоревич','1978-12-05','М','1234567894',18,'Новосибирск','89990000005','morozov5@school.ru'),
('Васильева','Елена','Сергеевна','1985-02-10','Ж','1234567895',8,'Казань','89990000006','vasilieva6@school.ru'),
('Смирнов','Николай','Павлович','1990-09-14','М','1234567896',5,'Екатеринбург','89990000007','smirnov7@school.ru'),
('Федорова','Татьяна','Александровна','1983-04-23','Ж','1234567897',14,'Краснодар','89990000008','fedorova8@school.ru'),
('Попов','Владимир','Сергеевич','1977-08-30','М','1234567898',22,'Ростов-на-Дону','89990000009','popov9@school.ru'),
('Соколова','Ирина','Михайловна','1986-11-12','Ж','1234567899',9,'Воронеж','89990000010','sokolova10@school.ru'),
('Лебедев','Андрей','Николаевич','1981-03-03','М','1234567800',16,'Самара','89990000011','lebedev11@school.ru'),
('Козлова','Наталья','Викторовна','1979-06-25','Ж','1234567801',19,'Уфа','89990000012','kozlova12@school.ru'),
('Новиков','Сергей','Андреевич','1984-10-09','М','1234567802',11,'Тюмень','89990000013','novikov13@school.ru'),
('Михайлова','Светлана','Юрьевна','1987-01-17','Ж','1234567803',7,'Пермь','89990000014','mihailova14@school.ru'),
('Воробьев','Олег','Владимирович','1976-05-28','М','1234567804',23,'Красноярск','89990000015','vorobev15@school.ru'),
('Егорова','Александра','Петровна','1989-09-05','Ж','1234567805',6,'Ярославль','89990000016','egorova16@school.ru'),
('Григорьев','Роман','Игоревич','1982-12-20','М','1234567806',13,'Иркутск','89990000017','grigorev17@school.ru'),
('Павлова','Анастасия','Сергеевна','1985-07-11','Ж','1234567807',10,'Владивосток','89990000018','pavlova18@school.ru'),
('Соколов','Денис','Владимирович','1991-03-08','М','1234567808',4,'Томск','89990000019','sokolov19@school.ru'),
('Зайцева','Марина','Александровна','1983-08-22','Ж','1234567809',15,'Кемерово','89990000020','zaitseva20@school.ru');


INSERT INTO dict.Rooms (room_number, floor_number)
VALUES
(101,1),
(102,1),
(103,1),
(104,1),
(105,1),
(201,2),
(202,2),
(203,2),
(204,2),
(205,2),
(301,3),
(302,3),
(303,3),
(304,3),
(305,3),
(401,4),
(402,4),
(403,4),
(404,4),
(405,4)


INSERT INTO edu.Students (surname, first_name, last_name, birth_date, sex, class_id, snils, benefit_id, address, date_enrollment)
VALUES
('Иванов', 'Иван', 'Иванович', '2015-03-20', 'М', 3, '12345678901', 1, 'г. Москва, ул. Центральная, д. 1', '2023-09-01'),
('Петрова', 'Мария', 'Сергеевна', '2015-01-10', 'Ж', 4, '23456789012', NULL, 'г. Москва, ул. Лесная, д. 5', '2023-09-01'),
('Сидоров', 'Алексей', 'Алексеевич', '2014-05-15', 'М', 5, '34567890123', 3, 'г. Москва, пр. Мира, д. 10', '2023-09-01'),
('Кузнецова', 'Елена', 'Дмитриевна', '2014-08-22', 'Ж', 6, '45678901234', NULL, 'г. Москва, ул. Школьная, д. 7', '2023-09-01'),
('Морозов', 'Дмитрий', 'Владимирович', '2013-11-30', 'М',7, '56789012345', 1, 'г. Москва, ул. Новая, д. 3', '2023-09-01'),
('Волкова', 'Анна', 'Игоревна', '2013-09-12', 'Ж', 8, '67890123456', NULL, 'г. Москва, ул. Старая, д. 2', '2023-09-01'),
('Лебедев', 'Максим', 'Олегович', '2012-04-05', 'М', 9, '78901234567', 2, 'г. Москва, ул. Тенистая, д. 8', '2023-09-01'),
('Федорова', 'Татьяна', 'Андреевна', '2012-07-18', 'Ж', 10, '89012345678', NULL, 'г. Москва, ул. Солнечная, д. 12', '2023-09-01'),
('Медведев', 'Артём', 'Михайлович', '2011-12-25', 'М', 11, '90123456789', 1, 'г. Москва, ул. Спортивная, д. 15', '2023-09-01'),
('Алексеева', 'Виктория', 'Евгеньевна', '2011-10-02', 'Ж', 12, '01234567890', NULL, 'г. Москва, ул. Культуры, д. 4', '2023-09-01'),
('Смирнов', 'Андрей', 'Андреевич', '2015-02-14', 'М', 3, '11122233301', NULL, 'г. Москва, ул. Луговая, д. 11', '2023-09-01'),
('Ковалёва', 'Ольга', 'Викторовна', '2015-04-21', 'Ж', 4, '22233344402', 2, 'г. Москва, ул. Речная, д. 2', '2023-09-01'),
('Васильев', 'Денис', 'Евгеньевич', '2014-06-08', 'М', 5, '33344455503', 3, 'г. Москва, ул. Озерная, д. 7', '2023-09-01'),
('Петухова', 'Анна', 'Сергеевна', '2014-09-30', 'Ж', 6, '44455566604', 1, 'г. Москва, ул. Горная, д. 15', '2023-09-01'),
('Григорьев', 'Михаил', 'Александрович', '2013-10-17', 'М', 7, '55566677705', NULL, 'г. Москва, ул. Полевая, д. 5', '2023-09-01'),
('Макарова', 'Евгения', 'Дмитриевна', '2013-12-05', 'Ж',8, '66677788806', 2, 'г. Москва, ул. Заводская, д. 8', '2023-09-01'),
('Беляев', 'Иван', 'Борисович', '2012-01-23', 'М', 9, '77788899907', NULL, 'г. Москва, ул. Мостовая, д. 3', '2023-09-01'),
('Соколова', 'Мария', 'Максимовна', '2012-03-11', 'Ж', 10, '88899900008', 1, 'г. Москва, ул. Парковая, д. 20', '2023-09-01'),
('Зайцев', 'Александр', 'Алексеевич', '2011-05-29', 'М', 11, '99900011109', NULL, 'г. Москва, ул. Магистральная, д. 1', '2023-09-01'),
('Попова', 'Дарья', 'Андреевна', '2011-07-16', 'Ж', 12, '00011122210', 1, 'г. Москва, ул. Рыбная, д. 9', '2023-09-01'),
('Никитин', 'Роман', 'Владимирович', '2010-08-24', 'М', 13, '11122233311', NULL, 'г. Москва, ул. Лесная, д. 22', '2023-09-01'),
('Волкова', 'Анастасия', 'Семёновна', '2010-10-02', 'Ж', 14, '22233344412', 1, 'г. Москва, ул. Садовая, д. 4', '2023-09-01'),
('Морозов', 'Артём', 'Григорьевич', '2009-11-10', 'М', 15, '33344455513', 3, 'г. Москва, ул. Набережная, д. 18', '2023-09-01'),
('Романова', 'Елизавета', 'Фёдоровна', '2009-12-18', 'Ж', 16, '44455566614', 1, 'г. Москва, ул. Фабричная, д. 6', '2023-09-01'),
('Соловьёв', 'Максим', 'Иванович', '2008-01-26', 'М', 17, '55566677715', NULL, 'г. Москва, ул. Мелиоративная, д. 13', '2023-09-01'),
('Казакова', 'Вероника', 'Матвеевна', '2008-03-05', 'Ж', 18, '66677788816', 1, 'г. Москва, ул. Институтская, д. 1', '2023-09-01'),
('Виноградов', 'Егор', 'Егорович', '2007-04-13', 'М', 19, '77788899917', NULL, 'г. Москва, ул. Пионерская, д. 17', '2023-09-01'),
('Яковлева', 'Александра', 'Артёмовна', '2007-05-21', 'Ж', 20, '88899900018', 1, 'г. Москва, ул. Строительная, д. 10', '2023-09-01'),
('Борисов', 'Даниил', 'Даниилович', '2006-06-29', 'М', 21, '99900011119', NULL, 'г. Москва, ул. Торговая, д. 3', '2023-09-01'),
('Лебедева', 'Ксения', 'Дмитриевна', '2005-07-07', 'Ж', 22, '00011122220', 2, 'г. Москва, ул. Космическая, д. 25', '2023-09-01');


INSERT INTO edu.Grades (student_id, subject_id, teacher_id, grade, grade_date, type_work)
VALUES
(6, 1, 1, 5, '2023-09-10', 'Работа на уроке'),
(6, 2, 2, 4, '2023-09-12', 'Самостоятельная работа'),
(6, 3, 3, 5, '2023-09-15', 'Тест'),
(7, 1, 1, 3, '2023-09-11', 'Самостоятельная работа'),
(7, 4, 4, 4, '2023-09-13', 'Работа на уроке'),
(7, 5, 5, 5, '2023-09-16', 'Контрольная работа'),
(8, 2, 2, 4, '2023-09-12', 'Работа на уроке'),
(8, 6, 6, 3, '2023-09-14', 'Тест'),
(8, 1, 1, 5, '2023-09-17', 'Проект'),
(9, 3, 3, 5, '2023-09-13', 'Работа на уроке'),
(9, 7, 7, 4, '2023-09-15', 'Самостоятельная работа'),
(9, 2, 2, 4, '2023-09-18', 'Работа на уроке'),
(10, 4, 4, 4, '2023-09-14', 'Работа на уроке'),
(10, 8, 8, 5, '2023-09-16', 'Контрольная работа'),
(10, 5, 5, 3, '2023-09-19', 'Самостоятельная работа'),
(11, 5, 5, 5, '2023-09-15', 'Работа на уроке'),
(11, 1, 1, 4, '2023-09-17', 'Тест'),
(11, 9, 9, 5, '2023-09-20', 'Проект'),
(12, 6, 6, 3, '2023-09-16', 'Самостоятельная работа'),
(12, 2, 2, 4, '2023-09-18', 'Работа на уроке'),
(12, 10, 10, 4, '2023-09-21', 'Тест'),
(13, 7, 7, 4, '2023-09-17', 'Работа на уроке'),
(13, 3, 3, 5, '2023-09-19', 'Контрольная работа'),
(13, 1, 1, 5, '2023-09-22', 'Работа на уроке'),
(14, 8, 8, 5, '2023-09-18', 'Работа на уроке'),
(14, 4, 4, 3, '2023-09-20', 'Самостоятельная работа'),
(14, 2, 2, 4, '2023-09-23', 'Тест'),
(15, 9, 9, 4, '2023-09-19', 'Работа на уроке'),
(15, 5, 5, 5, '2023-09-21', 'Контрольная работа'),
(15, 3, 3, 5, '2023-09-24', 'Проект'),
(16, 10, 10, 5, '2023-09-20', 'Работа на уроке'),
(16, 6, 6, 4, '2023-09-22', 'Тест'),
(16, 4, 4, 4, '2023-09-25', 'Самостоятельная работа'),
(17, 1, 1, 4, '2023-09-21', 'Работа на уроке'),
(17, 7, 7, 3, '2023-09-23', 'Самостоятельная работа'),
(17, 5, 5, 5, '2023-09-26', 'Контрольная работа'),
(18, 2, 2, 5, '2023-09-22', 'Работа на уроке'),
(18, 8, 8, 4, '2023-09-24', 'Тест'),
(18, 6, 6, 4, '2023-09-27', 'Работа на уроке'),
(19, 3, 3, 5, '2023-09-23', 'Работа на уроке'),
(19, 9, 9, 5, '2023-09-25', 'Проект'),
(19, 7, 7, 3, '2023-09-28', 'Самостоятельная работа'),
(20, 4, 4, 4, '2023-09-24', 'Работа на уроке'),
(20, 10, 10, 5, '2023-09-26', 'Контрольная работа'),
(20, 8, 8, 4, '2023-09-29', 'Тест'),
(21, 5, 5, 5, '2023-09-25', 'Работа на уроке'),
(21, 1, 1, 4, '2023-09-27', 'Работа на уроке'),
(21, 9, 9, 5, '2023-09-30', 'Проект'),
(22, 6, 6, 3, '2023-09-26', 'Самостоятельная работа'),
(22, 2, 2, 4, '2023-09-28', 'Работа на уроке'),
(22, 10, 10, 5, '2023-10-01', 'Контрольная работа'),
(23, 7, 7, 4, '2023-09-27', 'Работа на уроке'),
(23, 3, 3, 5, '2023-09-29', 'Контрольная работа'),
(23, 1, 1, 4, '2023-10-02', 'Тест'),
(24, 8, 8, 5, '2023-09-28', 'Работа на уроке'),
(24, 4, 4, 3, '2023-09-30', 'Самостоятельная работа'),
(24, 2, 2, 4, '2023-10-03', 'Работа на уроке'),
(25, 9, 9, 4, '2023-09-29', 'Работа на уроке'),
(25, 5, 5, 5, '2023-10-01', 'Контрольная работа'),
(25, 3, 3, 5, '2023-10-04', 'Проект')



SELECT * FROM med.HealthCards
INSERT INTO edu.Schedule (class_id, subject_id, teacher_id, room_id, week_day, lesson_number, start_time, end_time)
VALUES
(3, 1, 1, 1, 'ПН', 1, '08:30:00', '09:15:00'), 
(3, 2, 2, 2, 'ПН', 2, '09:30:00', '10:15:00'), 
(3, 3, 3, 3, 'ПН', 3, '10:30:00', '11:15:00'), 

(3, 4, 4, 4, 'ВТ', 1, '08:30:00', '09:15:00'), 
(3, 5, 5, 5, 'ВТ', 2, '09:30:00', '10:15:00'), 

(3, 6, 6, 6, 'СР', 1, '08:30:00', '09:15:00'), 
(3, 7, 7, 7, 'СР', 2, '09:30:00', '10:15:00'), 

(3, 8, 8, 8, 'ЧТ', 1, '08:30:00', '09:15:00'), 
(3, 9, 9, 9, 'ЧТ', 2, '09:30:00', '10:15:00'), 

(3, 10, 10, 10, 'ПТ', 1, '08:30:00', '09:15:00'), 

(4, 1, 11, 11, 'ПН', 1, '08:30:00', '09:15:00'), 
(4, 2, 12, 12, 'ПН', 2, '09:30:00', '10:15:00'),
(4, 3, 13, 13, 'ПН', 3, '10:30:00', '11:15:00'), 

(4, 4, 14, 14, 'ВТ', 1, '08:30:00', '09:15:00'), 
(4, 5, 15, 15, 'ВТ', 2, '09:30:00', '10:15:00'), 

(4, 6, 16, 16, 'СР', 1, '08:30:00', '09:15:00'), 
(4, 7, 17, 17, 'СР', 2, '09:30:00', '10:15:00'),

(4, 8, 18, 18, 'ЧТ', 1, '08:30:00', '09:15:00'), 
(4, 9, 19, 19, 'ЧТ', 2, '09:30:00', '10:15:00'), 

(4, 10, 20, 20, 'ПТ', 1, '08:30:00', '09:15:00'),

(5, 1, 1, 1, 'ПН', 1, '08:30:00', '09:15:00'), 
(5, 2, 2, 2, 'ПН', 2, '09:30:00', '10:15:00'), 
(5, 3, 3, 3, 'ПН', 3, '10:30:00', '11:15:00'), 

(5, 4, 4, 4, 'ВТ', 1, '08:30:00', '09:15:00'), 
(5, 5, 5, 5, 'ВТ', 2, '09:30:00', '10:15:00'), 

(5, 6, 6, 6, 'СР', 1, '08:30:00', '09:15:00'), 
(5, 7, 7, 7, 'СР', 2, '09:30:00', '10:15:00'), 

(5, 8, 8, 8, 'ЧТ', 1, '08:30:00', '09:15:00'), 
(5, 9, 9, 9, 'ЧТ', 2, '09:30:00', '10:15:00'), 

(5, 10, 10, 10, 'ПТ', 1, '08:30:00', '09:15:00'), 

(6, 2, 12, 11, 'ПН', 2, '09:30:00', '10:15:00'), 
(6, 3, 13, 12, 'ПН', 3, '10:30:00', '11:15:00'), 

(6, 4, 14, 13, 'ВТ', 1, '08:30:00', '09:15:00'), 
(6, 5, 15, 14, 'ВТ', 2, '09:30:00', '10:15:00'), 

(6, 6, 16, 15, 'СР', 1, '08:30:00', '09:15:00'), 
(6, 7, 17, 16, 'СР', 2, '09:30:00', '10:15:00'), 

(6, 8, 18, 17, 'ЧТ', 1, '08:30:00', '09:15:00'), 
(6, 9, 19, 18, 'ЧТ', 2, '09:30:00', '10:15:00'),

(6, 10, 20, 19, 'ПТ', 1, '08:30:00', '09:15:00'), 

(7, 1, 1, 20, 'ПН', 1, '08:30:00', '09:15:00'), 
(7, 2, 2, 1, 'ПН', 2, '09:30:00', '10:15:00'), 
(7, 3, 3, 2, 'ПН', 3, '10:30:00', '11:15:00'), 

(7, 4, 4, 3, 'ВТ', 1, '08:30:00', '09:15:00'), 
(7, 5, 5, 4, 'ВТ', 2, '09:30:00', '10:15:00'), 

(7, 6, 6, 5, 'СР', 1, '08:30:00', '09:15:00'), 
(7, 7, 7, 6, 'СР', 2, '09:30:00', '10:15:00'), 

(7, 8, 8, 7, 'ЧТ', 1, '08:30:00', '09:15:00'), 
(7, 9, 9, 8, 'ЧТ', 2, '09:30:00', '10:15:00'),

(7, 10, 10, 9, 'ПТ', 1, '08:30:00', '09:15:00'),
(9, 1, 1, 10, 'ПН', 1, '08:30:00', '09:15:00'), 
(9, 2, 2, 11, 'ПН', 2, '09:30:00', '10:15:00'),
(9, 3, 3, 12, 'ПН', 3, '10:30:00', '11:15:00'),
(9, 4, 4, 13, 'ПН', 4, '11:30:00', '12:15:00'),
(9, 5, 5, 14, 'ПН', 5, '12:30:00', '13:15:00'),
(9, 6, 6, 15, 'ПН', 6, '13:30:00', '14:15:00'),
(10, 1, 7, 16, 'ПН', 1, '08:30:00', '09:15:00'), 
(10, 2, 8, 17, 'ПН', 2, '09:30:00', '10:15:00'),
(10, 3, 9, 18, 'ПН', 3, '10:30:00', '11:15:00'),
(10, 4, 10, 19, 'ПН', 4, '11:30:00', '12:15:00'),
(10, 5, 11, 20, 'ПН', 5, '12:30:00', '13:15:00'),
(10, 6, 12, 1, 'ПН', 6, '13:30:00', '14:15:00'),
(11, 1, 13, 2, 'ПН', 1, '08:30:00', '09:15:00'),
(11, 2, 14, 3, 'ПН', 2, '09:30:00', '10:15:00'),
(11, 3, 15, 4, 'ПН', 3, '10:30:00', '11:15:00'),
(11, 4, 16, 5, 'ПН', 4, '11:30:00', '12:15:00'),
(11, 5, 17, 6, 'ПН', 5, '12:30:00', '13:15:00'),
(11, 6, 18, 7, 'ПН', 6, '13:30:00', '14:15:00'),
(12, 1, 1, 8, 'ПН', 1, '08:30:00', '09:15:00'),
(12, 2, 2, 9, 'ПН', 2, '09:30:00', '10:15:00'),
(12, 3, 3, 10, 'ПН', 3, '10:30:00', '11:15:00'),
(12, 4, 4, 11, 'ПН', 4, '11:30:00', '12:15:00'),
(12, 5, 5, 12, 'ПН', 5, '12:30:00', '13:15:00'),
(12, 6, 6, 13, 'ПН', 6, '13:30:00', '14:15:00'),
(13, 1, 7, 14, 'ПН', 1, '08:30:00', '09:15:00'), 
(13, 2, 8, 15, 'ПН', 2, '09:30:00', '10:15:00'),
(13, 3, 9, 16, 'ПН', 3, '10:30:00', '11:15:00'),
(13, 4, 10, 17, 'ПН', 4, '11:30:00', '12:15:00'),
(13, 5, 11, 18, 'ПН', 5, '12:30:00', '13:15:00'),
(13, 6, 12, 19, 'ПН', 6, '13:30:00', '14:15:00'),
(14, 1, 13, 20, 'ПН', 1, '08:30:00', '09:15:00'), 
(14, 2, 14, 1, 'ПН', 2, '09:30:00', '10:15:00'),
(14, 3, 15, 2, 'ПН', 3, '10:30:00', '11:15:00'),
(14, 4, 16, 3, 'ПН', 4, '11:30:00', '12:15:00'),
(14, 5, 17, 4, 'ПН', 5, '12:30:00', '13:15:00'),
(14, 6, 18, 5, 'ПН', 6, '13:30:00', '14:15:00'),
(15, 1, 1, 6, 'ПН', 1, '08:30:00', '09:15:00'),
(15, 2, 2, 7, 'ПН', 2, '09:30:00', '10:15:00'),
(15, 3, 3, 8, 'ПН', 3, '10:30:00', '11:15:00'),
(15, 4, 4, 9, 'ПН', 4, '11:30:00', '12:15:00'),
(15, 5, 5, 10, 'ПН', 5, '12:30:00', '13:15:00'),
(15, 6, 6, 11, 'ПН', 6, '13:30:00', '14:15:00'),
(16, 1, 7, 12, 'ПН', 1, '08:30:00', '09:15:00'),
(16, 2, 8, 13, 'ПН', 2, '09:30:00', '10:15:00'),
(16, 3, 9, 14, 'ПН', 3, '10:30:00', '11:15:00'),
(16, 4, 10, 15, 'ПН', 4, '11:30:00', '12:15:00'),
(16, 5, 11, 16, 'ПН', 5, '12:30:00', '13:15:00'),
(16, 6, 12, 17, 'ПН', 6, '13:30:00', '14:15:00'),
(17, 1, 13, 18, 'ПН', 1, '08:30:00', '09:15:00'), 
(17, 2, 14, 19, 'ПН', 2, '09:30:00', '10:15:00'),
(17, 3, 15, 20, 'ПН', 3, '10:30:00', '11:15:00'),
(17, 4, 16, 1, 'ПН', 4, '11:30:00', '12:15:00'),
(17, 5, 17, 2, 'ПН', 5, '12:30:00', '13:15:00'),
(17, 6, 18, 3, 'ПН', 6, '13:30:00', '14:15:00'),
(18, 1, 1, 4, 'ПН', 1, '08:30:00', '09:15:00'),
(18, 2, 2, 5, 'ПН', 2, '09:30:00', '10:15:00'),
(18, 3, 3, 6, 'ПН', 3, '10:30:00', '11:15:00'),
(18, 4, 4, 7, 'ПН', 4, '11:30:00', '12:15:00'),
(18, 5, 5, 8, 'ПН', 5, '12:30:00', '13:15:00'),
(18, 6, 6, 9, 'ПН', 6, '13:30:00', '14:15:00'),
(19, 1, 7, 10, 'ПН', 1, '08:30:00', '09:15:00'),
(19, 2, 8, 11, 'ПН', 2, '09:30:00', '10:15:00'),
(19, 3, 9, 12, 'ПН', 3, '10:30:00', '11:15:00'),
(19, 4, 10, 13, 'ПН', 4, '11:30:00', '12:15:00'),
(19, 5, 11, 14, 'ПН', 5, '12:30:00', '13:15:00'),
(19, 6, 12, 15, 'ПН', 6, '13:30:00', '14:15:00'),
(20, 1, 13, 16, 'ПН', 1, '08:30:00', '09:15:00'),
(20, 2, 14, 17, 'ПН', 2, '09:30:00', '10:15:00'),
(20, 3, 15, 18, 'ПН', 3, '10:30:00', '11:15:00'),
(20, 4, 16, 19, 'ПН', 4, '11:30:00', '12:15:00'),
(20, 5, 17, 20, 'ПН', 5, '12:30:00', '13:15:00'),
(20, 6, 18, 1, 'ПН', 6, '13:30:00', '14:15:00'),
(21, 1, 1, 2, 'ПН', 1, '08:30:00', '09:15:00'), 
(21, 2, 2, 3, 'ПН', 2, '09:30:00', '10:15:00'),
(21, 3, 3, 4, 'ПН', 3, '10:30:00', '11:15:00'),
(21, 4, 4, 5, 'ПН', 4, '11:30:00', '12:15:00'),
(21, 5, 5, 6, 'ПН', 5, '12:30:00', '13:15:00'),
(21, 6, 6, 7, 'ПН', 6, '13:30:00', '14:15:00'),
(22, 1, 7, 8, 'ПН', 1, '08:30:00', '09:15:00'), 
(22, 2, 8, 9, 'ПН', 2, '09:30:00', '10:15:00'),
(22, 3, 9, 10, 'ПН', 3, '10:30:00', '11:15:00'),
(22, 4, 10, 11, 'ПН', 4, '11:30:00', '12:15:00'),
(22, 5, 11, 12, 'ПН', 5, '12:30:00', '13:15:00'),
(22, 6, 12, 13, 'ПН', 6, '13:30:00', '14:15:00');

INSERT INTO med.HealthCards (student_id, blood_type, chronic_illnesses, allergy_info, disability_group, vaccination_status)
VALUES
(6, 'A+', 'Бронхиальная астма', 'Пенициллин', NULL, 'Привит от кори'),
(7, 'B-', 'Нет', 'Кошачья шерсть', '2', 'Привит от гепатита B'),
(8, '0+', 'Нет', 'Нет', NULL, 'Привит от полиомиелита'),
(9, 'AB+', 'Диабет 1 типа', 'Арахис', NULL, 'Привит от ветряной оспы'),
(10, 'A-', 'Нет', 'Пыльца березы', NULL, 'Привит от гриппа'),
(11, 'B+', 'Эпилепсия', 'Нет', '3', 'Привит от дифтерии'),
(12, '0-', 'Нет', 'Моллюск', NULL, 'Привит от столбняка'),
(13, 'A+', 'Сердечная недостаточность', 'Аспирин', NULL, 'Привит от коклюша'),
(14, 'B-', 'Нет', 'Шерсть собак', '1', 'Привит от гемофильной инфекции'),
(15, '0+', 'Нет', 'Нет', NULL, 'Привит от пневмококковой инфекции'),
(16, 'AB+', 'Гипертония', 'Клубника', NULL, 'Привит от ротавируса'),
(17, 'A-', 'Нет', 'Латекс', NULL, 'Привит от вируса папилломы человека'),
(18, 'B+', 'Аллергический ринит', 'Нет', '2', 'Привит от гепатита A'),
(19, '0-', 'Нет', 'Орехи', NULL, 'Привит от краснухи'),
(20, 'A+', 'Нет', 'Нет', NULL, 'Привит от паротита'),
(21, 'B-', 'Псориаз', 'Кофеин', NULL, 'Привит от полиомиелита (ревакцинация)'),
(22, '0+', 'Нет', 'Пыль', '1', 'Привит от гриппа (ежегодно)'),
(23, 'AB+', 'Гемофилия', 'Нет', NULL, 'Привит от гепатита B (ревакцинация)'),
(24, 'A-', 'Нет', 'Шоколад', NULL, 'Привит от кори (ревакцинация)'),
(25, 'B+', 'Мигрень', 'Нет', '3', 'Привит от ветряной оспы (ревакцинация)'),
(26, '0-', 'Нет', 'Кошачья слюна', NULL, 'Привит от полиомиелита (инъекционный)'),
(27, 'A+', 'Нет', 'Нет', NULL, 'Привит от гепатита A и B (комбинированный)'),
(28, 'B-', 'Артрит', 'Морковь', NULL, 'Привит от вируса папилломы человека (для девочек)'),
(29, '0+', 'Нет', 'Нет', '2', 'Привит от ротавируса (в младенчестве)'),
(30, 'AB+', 'Нет', 'Киви', NULL, 'Привит от гемофильной инфекции (в младенчестве)'),
(31, 'A-', 'Нет', 'Пыльца ольхи', NULL, 'Привит от пневмококковой инфекции (в младенчестве)'),
(32, 'B+', 'Нет', 'Нет', NULL, 'Привит от ротавируса (в младенчестве)'),
(33, '0-', 'Сахарный диабет 2 типа', 'Кокос', '1', 'Привит от гепатита A (для путешественников)'),
(34, 'A+', 'Нет', 'Нет', NULL, 'Привит от гриппа (ежегодно)'),
(35, 'B-', 'Нет', 'Пыльца полыни', NULL, 'Привит от дифтерии (ревакцинация)');

INSERT INTO med.MedVisits (student_id, visit_date, reason, diagnosis, treatment, sent_home)
VALUES
(15, '2024-10-01 10:00:00', 'Жалобы на головную боль', 'Переутомление', 'Отдых, обильное питье', 0),
(28, '2024-10-02 11:30:00', 'Ушиб колена на перемене', 'Ушиб мягких тканей', 'Холод, наложение повязки', 0),
(6, '2024-10-03 09:15:00', 'Повышенная температура', 'ОРВИ (подозрение)', 'Вызов скорой помощи', 1),
(22, '2024-10-04 14:00:00', 'Аллергическая реакция', 'Аллергия на пыльцу', 'Принять антигистаминное', 0),
(31, '2024-10-05 12:45:00', 'Боли в животе', 'Вероятно, пищевое отравление', 'Вызов родителей', 1),
(18, '2024-10-06 13:20:00', 'Покраснение глаз', 'Конъюнктивит', 'Промывание, капли', 0),
(9, '2024-10-07 10:30:00', 'Укачивание в автобусе', 'Морская болезнь (в школе)', 'Отдых, свежий воздух', 0),
(25, '2024-10-08 15:10:00', 'Порез карандашом', 'Мелкий порез пальца', 'Обработка, бактерицидный пластырь', 0),
(35, '2024-10-09 11:00:00', 'Обморок', 'Слабость, потеря сознания', 'Положить ноги повыше, влажное полотенце', 0),
(11, '2024-10-10 16:00:00', 'Жалобы на сердцебиение', 'Возможно, после физкультуры', 'Измерение пульса, отдых', 0);

INSERT INTO parents.Parents (surname, first_name, last_name, phone_number, email, address)
VALUES
('Иванов', 'Сергей', 'Иванович', '71234567890', 'sergey.ivanov@example.com', 'г. Санкт-Петербург, ул. Примерная, д. 1'),
('Петрова', 'Анна', 'Сергеевна', '71234567891', 'anna.petrova@example.com', 'г. Санкт-Петербург, ул. Лесная, д. 5'),
('Сидоров', 'Дмитрий', 'Алексеевич', '71234567892', 'dmitriy.sidorov@example.com', 'г. Санкт-Петербург, пр. Мира, д. 10'),
('Кузнецова', 'Елена', 'Дмитриевна', '71234567893', 'elena.kuznetsova@example.com', 'г. Санкт-Петербург, ул. Школьная, д. 7'),
('Морозов', 'Алексей', 'Владимирович', '71234567894', 'alexey.morozov@example.com', 'г. Санкт-Петербург, ул. Новая, д. 3'),
('Волкова', 'Татьяна', 'Андреевна', '71234567895', 'tatiana.volkova@example.com', 'г. Санкт-Петербург, ул. Старая, д. 2'),
('Лебедев', 'Максим', 'Олегович', '71234567896', 'maxim.lebedev@example.com', 'г. Санкт-Петербург, ул. Тенистая, д. 8'),
('Федорова', 'Ольга', 'Игоревна', '71234567897', 'olga.fedorova@example.com', 'г. Санкт-Петербург, ул. Солнечная, д. 12'),
('Медведев', 'Артём', 'Михайлович', '71234567898', 'artem.medvedev@example.com', 'г. Санкт-Петербург, ул. Спортивная, д. 15'),
('Алексеева', 'Виктория', 'Евгеньевна', '71234567899', 'victoria.alekseeva@example.com', 'г. Санкт-Петербург, ул. Культуры, д. 4'),
('Васильев', 'Иван', 'Петрович', '71234567900', 'ivan.vasiliev@example.com', 'г. Санкт-Петербург, ул. Ленина, д. 100'),
('Козлова', 'Мария', 'Александровна', '71234567901', 'maria.kozlova@example.com', 'г. Санкт-Петербург, ул. Невская, д. 25'),
('Никитин', 'Роман', 'Сергеевич', '71234567902', 'roman.nikitin@example.com', 'г. Санкт-Петербург, ул. Полтавская, д. 11'),
('Макарова', 'Екатерина', 'Анатольевна', '71234567903', 'ekaterina.makarova@example.com', 'г. Санкт-Петербург, ул. Комсомола, д. 42'),
('Григорьев', 'Андрей', 'Михайлович', '71234567904', 'andrey.grigoriev@example.com', 'г. Санкт-Петербург, ул. Победы, д. 8');



INSERT INTO parents.StudentParents (student_id, parent_id, relation)
VALUES
(6, 1, 'мама'),
(7, 2, 'папа'),
(8, 3, 'мама'),
(9, 4, 'папа'),
(10, 5, 'опекун'),
(11, 6, 'мама'),
(12, 7, 'папа'),
(13, 8, 'мама'),
(14, 9, 'папа'),
(15, 10, 'мама'),
(16, 11, 'папа'),
(17, 12, 'мама'),
(18, 13, 'папа'),
(19, 14, 'мама'),
(20, 15, 'опекун'),
(21, 1, 'папа'),
(22, 2, 'мама'),
(23, 3, 'папа'),
(24, 4, 'мама'),
(25, 5, 'папа'),
(26, 6, 'мама'),
(27, 7, 'папа'),
(28, 8, 'мама'),
(29, 9, 'папа'),
(30, 10, 'мама'),
(31, 11, 'папа'),
(32, 12, 'мама'),
(33, 13, 'папа'),
(34, 14, 'мама'),
(35, 15, 'папа');



INSERT INTO lib.Books (title, author, publish_year, genre)
VALUES
('Война и мир', 'Лев Толстой', 1969, 'Роман'),
('Преступление и наказание', 'Фёдор Достоевский', 1966, 'Роман'),
('Мастер и Маргарита', 'Михаил Булгаков', 1967, 'Фантастика'),
('1984', 'Джордж Оруэлл', 1949, 'Антиутопия'),
('Гарри Поттер и философский камень', 'Дж. К. Роулинг', 1997, 'Фэнтези');

INSERT INTO lib.BookCopies (book_id, inventory_number, condition_note)
VALUES
(2, 'INV001', 'Отличное состояние'),
(3, 'INV002', 'Немного поношенная'),
(2, 'INV003', 'Хорошее состояние'),
(3, 'INV004', 'Отличное состояние'),
(4, 'INV005', 'Потерта обложка'),
(5, 'INV006', 'Отличное состояние'),
(6, 'INV007', 'Хорошее состояние');

INSERT INTO lib.Loans (copy_id, student_id, date_issued, date_due, date_returned)
VALUES
(2, 6, '2024-10-01', '2024-10-29', NULL), 
(3, 15, '2024-09-15', '2024-10-13', '2024-10-10'), 
(4, 22, '2024-10-05', '2024-11-02', NULL), 
(5, 8, '2024-09-20', '2024-10-18', '2024-10-15'), 
(6, 30, '2024-10-10', '2024-11-07', NULL), 
(7, 12, '2024-09-25', '2024-10-23', NULL), 
(8, 25, '2024-10-01', '2024-10-29', NULL)

--BULK INSERT edu.Teachers
--FROM 'C:\Data\teachers_full.csv'
--WITH (
--    FORMAT = 'CSV',
--    FIELDTERMINATOR = ',',
--    ROWTERMINATOR = '\n',
--    CODEPAGE = '65001',
--    FIRSTROW = 2
--)


